"country","happiness_score","gdp_per_capita","social_support","healthy_life_expectancy","freedom_to_make_life_choices","generosity","perceptions_of_corruption","region","year"
"Finland",7.821,1.892,1.258,0.775,0.736,0.109,0.534,"Western Europe",2022
"Denmark",7.636,1.953,1.243,0.777,0.719,0.188,0.532,"Western Europe",2022
"Iceland",7.557,1.936,1.32,0.803,0.718,0.27,0.191,"Western Europe",2022
"Switzerland",7.512,2.026,1.226,0.822,0.677,0.147,0.461,"Western Europe",2022
"Netherlands",7.415,1.945,1.206,0.787,0.651,0.271,0.419,"Western Europe",2022
"Luxembourg",7.404,2.209,1.155,0.79,0.7,0.12,0.388,"Western Europe",2022
"Sweden",7.384,1.92,1.204,0.803,0.724,0.218,0.512,"Western Europe",2022
"Norway",7.365,1.997,1.239,0.786,0.728,0.217,0.474,"Western Europe",2022
"Israel",7.364,1.826,1.221,0.818,0.568,0.155,0.143,"Middle East and North Africa",2022
"New Zealand",7.2,1.852,1.235,0.752,0.68,0.245,0.483,"North America and ANZ",2022
"Austria",7.163,1.931,1.165,0.774,0.623,0.193,0.329,"Western Europe",2022
"Australia",7.162,1.9,1.203,0.772,0.676,0.258,0.341,"North America and ANZ",2022
"Ireland",7.041,2.129,1.166,0.779,0.627,0.19,0.408,"Western Europe",2022
"Germany",7.034,1.924,1.088,0.776,0.585,0.163,0.358,"Western Europe",2022
"Canada",7.025,1.886,1.188,0.783,0.659,0.217,0.368,"North America and ANZ",2022
"United States",6.977,1.982,1.182,0.628,0.574,0.22,0.177,"North America and ANZ",2022
"United Kingdom",6.943,1.867,1.143,0.75,0.597,0.289,0.329,"Western Europe",2022
"Czechia",6.92,1.815,1.26,0.715,0.66,0.158,0.048,"Central and Eastern Europe",2022
"Belgium",6.805,1.907,1.106,0.764,0.492,0.049,0.204,"Western Europe",2022
"France",6.687,1.863,1.219,0.808,0.567,0.07,0.266,"Western Europe",2022
"Slovenia",6.63,1.81,1.249,0.769,0.685,0.118,0.115,"Central and Eastern Europe",2022
"Costa Rica",6.582,1.584,1.054,0.744,0.661,0.089,0.102,"Latin America and Caribbean",2022
"United Arab Emirates",6.576,1.998,0.98,0.633,0.702,0.204,0.25,"Middle East and North Africa",2022
"Saudi Arabia",6.523,1.87,1.092,0.577,0.651,0.078,0.18,"Middle East and North Africa",2022
"Taiwan Province of China",6.512,1.897,1.095,0.733,0.542,0.075,0.168,"East Asia",2022
"Singapore",6.48,2.149,1.127,0.851,0.672,0.163,0.587,"Southeast Asia",2022
"Romania",6.477,1.719,1.006,0.655,0.605,0.039,0.006,"Central and Eastern Europe",2022
"Spain",6.476,1.808,1.211,0.808,0.505,0.101,0.149,"Western Europe",2022
"Uruguay",6.474,1.615,1.18,0.672,0.665,0.103,0.265,"Latin America and Caribbean",2022
"Italy",6.467,1.834,1.052,0.801,0.412,0.085,0.059,"Western Europe",2022
"Kosovo",6.455,1.362,0.949,0.569,0.599,0.309,0.035,"Central and Eastern Europe",2022
"Malta",6.447,1.838,1.169,0.789,0.679,0.174,0.166,"Western Europe",2022
"Lithuania",6.446,1.804,1.204,0.659,0.496,0.053,0.077,"Central and Eastern Europe",2022
"Slovakia",6.391,1.736,1.232,0.707,0.479,0.118,0.025,"Central and Eastern Europe",2022
"Estonia",6.341,1.793,1.232,0.728,0.689,0.123,0.333,"Central and Eastern Europe",2022
"Panama",6.309,1.715,1.107,0.709,0.592,0.049,0.051,"Latin America and Caribbean",2022
"Brazil",6.293,1.462,1.044,0.615,0.546,0.131,0.134,"Latin America and Caribbean",2022
"Guatemala",6.262,1.274,0.831,0.522,0.662,0.112,0.115,"Latin America and Caribbean",2022
"Kazakhstan",6.234,1.668,1.22,0.611,0.584,0.134,0.157,"Commonwealth of Independent States",2022
"Cyprus",6.221,1.815,0.909,0.819,0.448,0.123,0.062,"Western Europe",2022
"Latvia",6.18,1.732,1.221,0.637,0.502,0.075,0.09,"Central and Eastern Europe",2022
"Serbia",6.178,1.55,1.086,0.658,0.546,0.219,0.088,"Central and Eastern Europe",2022
"Chile",6.172,1.651,1.08,0.748,0.46,0.124,0.069,"Latin America and Caribbean",2022
"Nicaragua",6.165,1.105,1.029,0.617,0.617,0.168,0.212,"Latin America and Caribbean",2022
"Mexico",6.128,1.552,0.886,0.623,0.621,0.092,0.115,"Latin America and Caribbean",2022
"Croatia",6.125,1.705,1.183,0.709,0.535,0.109,0,"Central and Eastern Europe",2022
"Poland",6.123,1.758,1.174,0.712,0.523,0.124,0.14,"Central and Eastern Europe",2022
"El Salvador",6.12,1.265,0.768,0.607,0.666,0.089,0.212,"Latin America and Caribbean",2022
"Hungary",6.086,1.748,1.233,0.668,0.485,0.078,0.064,"Central and Eastern Europe",2022
"Mauritius",6.071,1.591,1.116,0.568,0.589,0.131,0.107,"Sub-Saharan Africa",2022
"Uzbekistan",6.063,1.219,1.092,0.6,0.716,0.283,0.24,"Commonwealth of Independent States",2022
"Japan",6.039,1.835,1.089,0.866,0.537,0.007,0.218,"East Asia",2022
"Honduras",6.022,1.111,0.885,0.555,0.582,0.202,0.076,"Latin America and Caribbean",2022
"Portugal",6.016,1.76,1.078,0.777,0.655,0.016,0.039,"Western Europe",2022
"Argentina",5.967,1.592,1.102,0.662,0.555,0.081,0.085,"Latin America and Caribbean",2022
"Greece",5.948,1.703,0.98,0.774,0.249,0.015,0.108,"Western Europe",2022
"South Korea",5.935,1.851,0.886,0.841,0.414,0.111,0.176,"East Asia",2022
"Philippines",5.904,1.268,0.912,0.514,0.678,0.107,0.142,"Southeast Asia",2022
"Thailand",5.891,1.535,1.096,0.697,0.617,0.321,0.026,"Southeast Asia",2022
"Moldova",5.857,1.417,1.008,0.597,0.561,0.102,0.028,"Central and Eastern Europe",2022
"Jamaica",5.85,1.296,1.045,0.646,0.567,0.08,0.053,"Latin America and Caribbean",2022
"Kyrgyzstan",5.828,1.069,1.109,0.638,0.693,0.208,0.025,"Commonwealth of Independent States",2022
"Colombia",5.781,1.452,0.929,0.72,0.545,0.087,0.077,"Latin America and Caribbean",2022
"Bosnia and Herzegovina",5.768,1.468,1.068,0.665,0.448,0.244,0.006,"Central and Eastern Europe",2022
"Mongolia",5.761,1.393,1.197,0.467,0.398,0.247,0.059,"East Asia",2022
"Dominican Republic",5.737,1.538,1.003,0.577,0.606,0.084,0.179,"Latin America and Caribbean",2022
"Malaysia",5.711,1.689,0.938,0.62,0.654,0.213,0.126,"Southeast Asia",2022
"Bolivia",5.6,1.256,0.88,0.555,0.627,0.112,0.064,"Latin America and Caribbean",2022
"China",5.585,1.508,0.958,0.705,0.656,0.099,0.142,"East Asia",2022
"Paraguay",5.578,1.409,1.13,0.624,0.629,0.171,0.059,"Latin America and Caribbean",2022
"Peru",5.559,1.397,0.865,0.735,0.545,0.09,0.037,"Latin America and Caribbean",2022
"Montenegro",5.547,1.573,1.023,0.659,0.46,0.135,0.077,"Central and Eastern Europe",2022
"Ecuador",5.533,1.352,0.879,0.708,0.565,0.08,0.083,"Latin America and Caribbean",2022
"Vietnam",5.485,1.252,0.932,0.611,0.707,0.143,0.105,"Southeast Asia",2022
"Russia",5.459,1.685,1.095,0.586,0.401,0.117,0.08,"Central and Eastern Europe",2022
"Hong Kong S.A.R. of China",5.425,1.957,0.954,0.942,0.4,0.147,0.383,"East Asia",2022
"Armenia",5.399,1.434,0.82,0.668,0.558,0.054,0.21,"Central and Eastern Europe",2022
"Nepal",5.377,0.984,0.784,0.499,0.519,0.237,0.13,"South Asia",2022
"Bulgaria",5.371,1.625,1.163,0.64,0.563,0.123,0.021,"Central and Eastern Europe",2022
"Indonesia",5.24,1.382,0.883,0.539,0.62,0.468,0.047,"Southeast Asia",2022
"Ivory Coast",5.235,1.094,0.442,0.322,0.451,0.149,0.124,"Sub-Saharan Africa",2022
"North Macedonia",5.199,1.505,0.863,0.637,0.488,0.215,0.031,"Central and Eastern Europe",2022
"Albania",5.199,1.439,0.646,0.719,0.511,0.138,0.028,"Central and Eastern Europe",2022
"South Africa",5.194,1.425,1.088,0.361,0.442,0.089,0.046,"Sub-Saharan Africa",2022
"Gambia",5.164,0.785,0.621,0.369,0.367,0.388,0.103,"Sub-Saharan Africa",2022
"Bangladesh",5.155,1.06,0.614,0.581,0.622,0.125,0.187,"South Asia",2022
"Laos",5.14,1.239,0.654,0.479,0.679,0.197,0.184,"Southeast Asia",2022
"Algeria",5.122,1.363,0.97,0.643,0.146,0.106,0.15,"Middle East and North Africa",2022
"Liberia",5.122,0.636,0.67,0.309,0.405,0.178,0.08,"Sub-Saharan Africa",2022
"Ukraine",5.084,1.411,1.081,0.583,0.473,0.188,0.017,"Central and Eastern Europe",2022
"Morocco",5.06,1.208,0.268,0.565,0.492,0.02,0.102,"Middle East and North Africa",2022
"Mozambique",5.048,0.578,0.66,0.191,0.593,0.185,0.2,"Sub-Saharan Africa",2022
"Cameroon",5.048,0.968,0.672,0.317,0.397,0.152,0.074,"Sub-Saharan Africa",2022
"Senegal",5.046,0.933,0.53,0.447,0.494,0.143,0.081,"Sub-Saharan Africa",2022
"Niger",5.003,0.57,0.56,0.326,0.571,0.165,0.145,"Sub-Saharan Africa",2022
"Georgia",4.973,1.467,0.612,0.595,0.508,0,0.208,"Central and Eastern Europe",2022
"Gabon",4.958,1.459,0.738,0.396,0.343,0.032,0.099,"Sub-Saharan Africa",2022
"Iraq",4.941,1.289,0.682,0.554,0.328,0.147,0.046,"Middle East and North Africa",2022
"Venezuela",4.925,0,0.968,0.578,0.283,0.225,0.082,"Latin America and Caribbean",2022
"Guinea",4.891,0.848,0.566,0.275,0.334,0.214,0.116,"Sub-Saharan Africa",2022
"Iran",4.888,1.41,0.741,0.642,0.281,0.241,0.146,"Middle East and North Africa",2022
"Ghana",4.872,1.112,0.595,0.409,0.5,0.23,0.056,"Sub-Saharan Africa",2022
"Burkina Faso",4.67,0.779,0.565,0.32,0.382,0.186,0.126,"Sub-Saharan Africa",2022
"Cambodia",4.64,1.019,0.732,0.505,0.74,0.166,0.068,"Southeast Asia",2022
"Benin",4.623,0.932,0.064,0.335,0.479,0.127,0.23,"Sub-Saharan Africa",2022
"Comoros",4.609,0.899,0.476,0.424,0.185,0.195,0.125,"Sub-Saharan Africa",2022
"Uganda",4.603,0.777,0.875,0.418,0.402,0.222,0.066,"Sub-Saharan Africa",2022
"Nigeria",4.552,1.079,0.732,0.3,0.444,0.175,0.038,"Sub-Saharan Africa",2022
"Kenya",4.543,1.032,0.605,0.401,0.44,0.322,0.082,"Sub-Saharan Africa",2022
"Tunisia",4.516,1.35,0.596,0.656,0.316,0.029,0.029,"Middle East and North Africa",2022
"Pakistan",4.516,1.049,0.413,0.374,0.448,0.181,0.112,"South Asia",2022
"Mali",4.479,0.792,0.483,0.311,0.35,0.128,0.042,"Sub-Saharan Africa",2022
"Namibia",4.459,1.292,0.877,0.354,0.384,0.067,0.071,"Sub-Saharan Africa",2022
"Myanmar",4.394,1.038,0.829,0.491,0.513,0.452,0.194,"Southeast Asia",2022
"Sri Lanka",4.362,1.415,0.934,0.66,0.529,0.15,0.079,"South Asia",2022
"Madagascar",4.339,0.67,0.645,0.378,0.202,0.143,0.154,"Sub-Saharan Africa",2022
"Egypt",4.288,1.388,0.732,0.548,0.469,0.041,0.254,"Middle East and North Africa",2022
"Chad",4.251,0.662,0.506,0.225,0.18,0.182,0.077,"Sub-Saharan Africa",2022
"Ethiopia",4.241,0.788,0.809,0.457,0.472,0.205,0.136,"Sub-Saharan Africa",2022
"Mauritania",4.153,1.1,0.865,0.45,0.304,0.088,0.138,"Sub-Saharan Africa",2022
"Jordan",4.152,1.324,0.724,0.675,0.476,0.058,0.2,"Middle East and North Africa",2022
"Togo",4.112,0.771,0.322,0.36,0.292,0.174,0.132,"Sub-Saharan Africa",2022
"India",3.777,1.167,0.376,0.471,0.647,0.198,0.123,"South Asia",2022
"Zambia",3.76,0.93,0.577,0.306,0.525,0.203,0.083,"Sub-Saharan Africa",2022
"Malawi",3.75,0.648,0.279,0.388,0.477,0.14,0.157,"Sub-Saharan Africa",2022
"Tanzania",3.702,0.848,0.597,0.425,0.578,0.248,0.27,"Sub-Saharan Africa",2022
"Sierra Leone",3.574,0.686,0.416,0.273,0.387,0.202,0.055,"Sub-Saharan Africa",2022
"Botswana",3.471,1.503,0.815,0.28,0.571,0.012,0.102,"Sub-Saharan Africa",2022
"Zimbabwe",2.995,0.947,0.69,0.27,0.329,0.106,0.105,"Sub-Saharan Africa",2022
"Lebanon",2.955,1.392,0.498,0.631,0.103,0.082,0.034,"Middle East and North Africa",2022
"Afghanistan",2.404,0.758,0,0.289,0,0.089,0.005,"South Asia",2022
"Finland",7.804,1.888,1.585,0.535,0.772,0.126,0.535,"Western Europe",2023
"Denmark",7.586,1.949,1.548,0.537,0.734,0.208,0.525,"Western Europe",2023
"Iceland",7.53,1.926,1.62,0.559,0.738,0.25,0.187,"Western Europe",2023
"Israel",7.473,1.833,1.521,0.577,0.569,0.124,0.158,"Middle East and North Africa",2023
"Netherlands",7.403,1.942,1.488,0.545,0.672,0.251,0.394,"Western Europe",2023
"Sweden",7.395,1.921,1.51,0.562,0.754,0.225,0.52,"Western Europe",2023
"Norway",7.315,1.994,1.521,0.544,0.752,0.212,0.463,"Western Europe",2023
"Switzerland",7.24,2.022,1.463,0.582,0.678,0.151,0.475,"Western Europe",2023
"Luxembourg",7.228,2.2,1.357,0.549,0.71,0.149,0.418,"Western Europe",2023
"New Zealand",7.123,1.842,1.544,0.513,0.672,0.23,0.471,"North America and ANZ",2023
"Austria",7.097,1.927,1.382,0.535,0.63,0.191,0.31,"Western Europe",2023
"Australia",7.095,1.899,1.497,0.532,0.677,0.242,0.31,"North America and ANZ",2023
"Canada",6.961,1.881,1.484,0.541,0.656,0.218,0.364,"North America and ANZ",2023
"Ireland",6.911,2.152,1.425,0.539,0.656,0.186,0.409,"Western Europe",2023
"United States",6.894,1.98,1.46,0.39,0.557,0.21,0.172,"North America and ANZ",2023
"Germany",6.892,1.919,1.401,0.539,0.618,0.153,0.365,"Western Europe",2023
"Belgium",6.859,1.907,1.449,0.528,0.59,0.137,0.273,"Western Europe",2023
"Czechia",6.845,1.823,1.544,0.477,0.693,0.158,0.05,"Central and Eastern Europe",2023
"United Kingdom",6.796,1.857,1.366,0.511,0.626,0.272,0.34,"Western Europe",2023
"Lithuania",6.763,1.808,1.511,0.432,0.487,0.059,0.089,"Central and Eastern Europe",2023
"France",6.661,1.856,1.433,0.566,0.582,0.083,0.27,"Western Europe",2023
"Slovenia",6.65,1.815,1.539,0.532,0.707,0.144,0.113,"Central and Eastern Europe",2023
"Costa Rica",6.609,1.587,1.34,0.503,0.683,0.099,0.116,"Latin America and Caribbean",2023
"Romania",6.589,1.726,1.28,0.423,0.631,0.044,0,"Central and Eastern Europe",2023
"Singapore",6.587,2.168,1.354,0.607,0.66,0.17,0.561,"Southeast Asia",2023
"United Arab Emirates",6.571,2.015,1.223,0.401,0.745,0.188,0.247,"Middle East and North Africa",2023
"Taiwan Province of China",6.535,1.89,1.372,0.492,0.562,0.067,0.178,"East Asia",2023
"Uruguay",6.494,1.617,1.445,0.435,0.683,0.102,0.254,"Latin America and Caribbean",2023
"Slovakia",6.469,1.731,1.544,0.472,0.494,0.128,0.022,"Central and Eastern Europe",2023
"Saudi Arabia",6.463,1.861,1.37,0.351,0.682,0.093,0.17,"Middle East and North Africa",2023
"Estonia",6.455,1.798,1.526,0.494,0.728,0.153,0.372,"Central and Eastern Europe",2023
"Spain",6.436,1.798,1.491,0.567,0.533,0.101,0.157,"Western Europe",2023
"Italy",6.405,1.832,1.365,0.559,0.438,0.097,0.063,"Western Europe",2023
"Kosovo",6.368,1.374,1.269,0.372,0.639,0.275,0.045,"Central and Eastern Europe",2023
"Chile",6.334,1.645,1.384,0.511,0.546,0.131,0.076,"Latin America and Caribbean",2023
"Mexico",6.33,1.55,1.169,0.389,0.632,0.086,0.115,"Latin America and Caribbean",2023
"Malta",6.3,1.841,1.468,0.547,0.671,0.2,0.143,"Western Europe",2023
"Panama",6.265,1.714,1.402,0.475,0.63,0.065,0.036,"Latin America and Caribbean",2023
"Poland",6.26,1.767,1.474,0.477,0.511,0.12,0.139,"Central and Eastern Europe",2023
"Nicaragua",6.259,1.109,1.292,0.385,0.66,0.148,0.218,"Latin America and Caribbean",2023
"Latvia",6.213,1.737,1.505,0.405,0.58,0.107,0.071,"Central and Eastern Europe",2023
"Guatemala",6.15,1.287,1.188,0.31,0.631,0.106,0.066,"Latin America and Caribbean",2023
"Kazakhstan",6.144,1.664,1.491,0.389,0.628,0.136,0.149,"Commonwealth of Independent States",2023
"Serbia",6.144,1.552,1.343,0.424,0.617,0.246,0.081,"Central and Eastern Europe",2023
"Cyprus",6.13,1.824,1.224,0.58,0.455,0.104,0.05,"Western Europe",2023
"Japan",6.129,1.825,1.396,0.622,0.556,0.009,0.207,"East Asia",2023
"Croatia",6.125,1.727,1.455,0.475,0.5,0.087,0.003,"Central and Eastern Europe",2023
"Brazil",6.125,1.454,1.25,0.387,0.558,0.131,0.137,"Latin America and Caribbean",2023
"El Salvador",6.122,1.278,1.044,0.383,0.713,0.079,0.222,"Latin America and Caribbean",2023
"Hungary",6.041,1.754,1.519,0.435,0.501,0.105,0.065,"Central and Eastern Europe",2023
"Argentina",6.024,1.59,1.388,0.427,0.587,0.088,0.082,"Latin America and Caribbean",2023
"Honduras",6.023,1.115,1.072,0.341,0.613,0.189,0.062,"Latin America and Caribbean",2023
"Uzbekistan",6.014,1.227,1.347,0.375,0.74,0.26,0.208,"Commonwealth of Independent States",2023
"Malaysia",6.012,1.665,1.155,0.385,0.659,0.222,0.122,"Southeast Asia",2023
"Portugal",5.968,1.758,1.356,0.537,0.693,0.031,0.037,"Western Europe",2023
"South Korea",5.951,1.853,1.188,0.603,0.446,0.112,0.163,"East Asia",2023
"Greece",5.931,1.708,1.247,0.535,0.248,0.008,0.097,"Western Europe",2023
"Mauritius",5.902,1.589,1.382,0.336,0.574,0.121,0.11,"Sub-Saharan Africa",2023
"Thailand",5.843,1.515,1.344,0.461,0.624,0.291,0.013,"Southeast Asia",2023
"Mongolia",5.84,1.379,1.494,0.244,0.425,0.239,0.058,"East Asia",2023
"Kyrgyzstan",5.825,1.061,1.439,0.417,0.735,0.234,0.018,"Commonwealth of Independent States",2023
"Moldova",5.819,1.425,1.302,0.375,0.61,0.093,0.02,"Central and Eastern Europe",2023
"China",5.818,1.51,1.249,0.468,0.666,0.115,0.145,"East Asia",2023
"Vietnam",5.763,1.349,1.212,0.381,0.741,0.134,0.122,"Southeast Asia",2023
"Paraguay",5.738,1.428,1.427,0.392,0.678,0.148,0.062,"Latin America and Caribbean",2023
"Montenegro",5.722,1.537,1.385,0.424,0.563,0.17,0.061,"Central and Eastern Europe",2023
"Jamaica",5.703,1.305,1.329,0.411,0.587,0.079,0.039,"Latin America and Caribbean",2023
"Bolivia",5.684,1.24,1.187,0.329,0.648,0.103,0.06,"Latin America and Caribbean",2023
"Russia",5.661,1.68,1.383,0.366,0.449,0.12,0.091,"Central and Eastern Europe",2023
"Bosnia and Herzegovina",5.633,1.467,1.361,0.429,0.485,0.247,0.008,"Central and Eastern Europe",2023
"Colombia",5.63,1.455,1.213,0.486,0.562,0.08,0.068,"Latin America and Caribbean",2023
"Dominican Republic",5.569,1.536,1.227,0.351,0.623,0.083,0.195,"Latin America and Caribbean",2023
"Ecuador",5.559,1.343,1.173,0.476,0.56,0.079,0.069,"Latin America and Caribbean",2023
"Peru",5.526,1.39,1.153,0.499,0.549,0.073,0.027,"Latin America and Caribbean",2023
"Philippines",5.523,1.238,1.108,0.286,0.714,0.104,0.141,"Southeast Asia",2023
"Bulgaria",5.466,1.635,1.457,0.408,0.557,0.106,0.013,"Central and Eastern Europe",2023
"Nepal",5.36,0.979,1.027,0.281,0.567,0.215,0.104,"South Asia",2023
"Armenia",5.342,1.466,1.134,0.443,0.551,0.053,0.16,"Central and Eastern Europe",2023
"Algeria",5.329,1.353,1.298,0.409,0.252,0.073,0.152,"Middle East and North Africa",2023
"Hong Kong S.A.R. of China",5.308,1.951,1.201,0.702,0.407,0.123,0.39,"East Asia",2023
"Albania",5.277,1.449,0.951,0.48,0.549,0.133,0.037,"Central and Eastern Europe",2023
"Indonesia",5.277,1.384,1.169,0.314,0.663,0.422,0.038,"Southeast Asia",2023
"South Africa",5.275,1.417,1.428,0.149,0.464,0.09,0.019,"Sub-Saharan Africa",2023
"North Macedonia",5.254,1.498,1.171,0.408,0.515,0.207,0.02,"Central and Eastern Europe",2023
"Venezuela",5.211,0,1.257,0.341,0.369,0.205,0.084,"Latin America and Caribbean",2023
"Laos",5.111,1.232,0.853,0.257,0.715,0.185,0.162,"Southeast Asia",2023
"Georgia",5.109,1.477,0.947,0.366,0.539,0,0.201,"Central and Eastern Europe",2023
"Guinea",5.072,0.844,0.776,0.072,0.369,0.204,0.102,"Sub-Saharan Africa",2023
"Ukraine",5.071,1.358,1.354,0.355,0.551,0.265,0.016,"Central and Eastern Europe",2023
"Ivory Coast",5.053,1.094,0.584,0.12,0.467,0.138,0.131,"Sub-Saharan Africa",2023
"Gabon",5.035,1.438,1.021,0.183,0.346,0.036,0.102,"Sub-Saharan Africa",2023
"Nigeria",4.981,1.065,1.007,0.092,0.448,0.176,0.013,"Sub-Saharan Africa",2023
"Cameroon",4.973,0.965,0.871,0.118,0.405,0.144,0.059,"Sub-Saharan Africa",2023
"Mozambique",4.954,0.57,0.885,0,0.625,0.161,0.192,"Sub-Saharan Africa",2023
"Iraq",4.941,1.281,0.953,0.324,0.351,0.134,0.038,"Middle East and North Africa",2023
"Morocco",4.903,1.236,0.535,0.337,0.54,0.013,0.085,"Middle East and North Africa",2023
"Iran",4.876,1.465,1.102,0.411,0.281,0.229,0.13,"Middle East and North Africa",2023
"Senegal",4.855,0.943,0.727,0.231,0.519,0.142,0.06,"Sub-Saharan Africa",2023
"Mauritania",4.724,1.099,0.764,0.244,0.32,0.13,0.195,"Sub-Saharan Africa",2023
"Burkina Faso",4.638,0.768,0.814,0.107,0.419,0.188,0.113,"Sub-Saharan Africa",2023
"Namibia",4.631,1.289,1.126,0.145,0.383,0.069,0.071,"Sub-Saharan Africa",2023
"Ghana",4.605,1.101,0.756,0.197,0.526,0.211,0.035,"Sub-Saharan Africa",2023
"Pakistan",4.555,1.081,0.657,0.158,0.511,0.141,0.102,"South Asia",2023
"Niger",4.501,0.561,0.628,0.137,0.54,0.154,0.14,"Sub-Saharan Africa",2023
"Tunisia",4.497,1.333,0.981,0.422,0.259,0.022,0.016,"Middle East and North Africa",2023
"Kenya",4.487,1.051,0.881,0.19,0.418,0.291,0.055,"Sub-Saharan Africa",2023
"Sri Lanka",4.442,1.422,1.224,0.426,0.539,0.12,0.086,"South Asia",2023
"Uganda",4.432,0.785,1.144,0.201,0.425,0.197,0.051,"Sub-Saharan Africa",2023
"Chad",4.397,0.622,0.962,0.043,0.393,0.255,0.088,"Sub-Saharan Africa",2023
"Cambodia",4.393,1.025,1.024,0.283,0.768,0.176,0.051,"Southeast Asia",2023
"Benin",4.374,0.924,0.242,0.124,0.481,0.114,0.253,"Sub-Saharan Africa",2023
"Myanmar",4.372,1.032,1.125,0.269,0.46,0.4,0.194,"Southeast Asia",2023
"Bangladesh",4.282,1.133,0.513,0.355,0.617,0.139,0.165,"South Asia",2023
"Gambia",4.279,0.761,0.614,0.174,0.286,0.332,0.033,"Sub-Saharan Africa",2023
"Mali",4.198,0.763,0.637,0.106,0.441,0.121,0.059,"Sub-Saharan Africa",2023
"Egypt",4.17,1.377,0.972,0.326,0.467,0.038,0.25,"Middle East and North Africa",2023
"Togo",4.137,0.77,0.642,0.161,0.367,0.149,0.136,"Sub-Saharan Africa",2023
"Jordan",4.12,1.292,0.98,0.438,0.517,0.056,0.173,"Middle East and North Africa",2023
"Ethiopia",4.091,0.793,1.114,0.25,0.451,0.283,0.101,"Sub-Saharan Africa",2023
"Liberia",4.042,0.628,0.644,0.141,0.471,0.219,0.071,"Sub-Saharan Africa",2023
"India",4.036,1.159,0.674,0.252,0.685,0.175,0.111,"South Asia",2023
"Madagascar",4.019,0.632,0.779,0.178,0.187,0.177,0.134,"Sub-Saharan Africa",2023
"Zambia",3.982,0.914,0.89,0.095,0.545,0.189,0.08,"Sub-Saharan Africa",2023
"Tanzania",3.694,0.836,0.787,0.214,0.607,0.234,0.269,"Sub-Saharan Africa",2023
"Comoros",3.545,0.914,0.327,0.215,0.117,0.129,0.145,"Sub-Saharan Africa",2023
"Malawi",3.495,0.637,0.479,0.189,0.49,0.139,0.129,"Sub-Saharan Africa",2023
"Botswana",3.435,1.471,1.041,0.087,0.48,0.021,0.071,"Sub-Saharan Africa",2023
"Zimbabwe",3.204,0.758,0.881,0.069,0.363,0.112,0.117,"Sub-Saharan Africa",2023
"Sierra Leone",3.138,0.67,0.54,0.092,0.371,0.193,0.051,"Sub-Saharan Africa",2023
"Lebanon",2.392,1.417,0.476,0.398,0.123,0.061,0.027,"Middle East and North Africa",2023
"Afghanistan",1.859,0.645,0,0.087,0,0.093,0.059,"South Asia",2023
"Finland",7.741,1.844,1.572,0.695,0.859,0.142,0.546,"Western Europe",2024
"Denmark",7.583,1.908,1.52,0.699,0.823,0.204,0.548,"Western Europe",2024
"Iceland",7.525,1.881,1.617,0.718,0.819,0.258,0.182,"Western Europe",2024
"Sweden",7.344,1.878,1.501,0.724,0.838,0.221,0.524,"Western Europe",2024
"Israel",7.341,1.803,1.513,0.74,0.641,0.153,0.193,"Middle East and North Africa",2024
"Netherlands",7.319,1.901,1.462,0.706,0.725,0.247,0.372,"Western Europe",2024
"Norway",7.302,1.952,1.517,0.704,0.835,0.224,0.484,"Western Europe",2024
"Luxembourg",7.122,2.141,1.355,0.708,0.801,0.146,0.432,"Western Europe",2024
"Switzerland",7.06,1.97,1.425,0.747,0.759,0.173,0.498,"Western Europe",2024
"Australia",7.057,1.854,1.461,0.692,0.756,0.225,0.323,"North America and ANZ",2024
"New Zealand",7.029,1.81,1.527,0.673,0.746,0.226,0.48,"North America and ANZ",2024
"Costa Rica",6.955,1.561,1.373,0.661,0.797,0.109,0.123,"Latin America and Caribbean",2024
"Austria",6.905,1.885,1.336,0.696,0.703,0.214,0.305,"Western Europe",2024
"Canada",6.9,1.84,1.459,0.701,0.73,0.23,0.368,"North America and ANZ",2024
"Belgium",6.894,1.868,1.44,0.69,0.729,0.17,0.311,"Western Europe",2024
"Ireland",6.838,2.129,1.39,0.7,0.758,0.205,0.418,"Western Europe",2024
"Czechia",6.822,1.783,1.511,0.638,0.787,0.177,0.068,"Central and Eastern Europe",2024
"Lithuania",6.818,1.766,1.454,0.598,0.533,0.044,0.116,"Central and Eastern Europe",2024
"United Kingdom",6.749,1.822,1.326,0.672,0.713,0.267,0.351,"Western Europe",2024
"Slovenia",6.743,1.786,1.502,0.695,0.789,0.157,0.131,"Central and Eastern Europe",2024
"United Arab Emirates",6.733,1.983,1.164,0.563,0.815,0.209,0.258,"Middle East and North Africa",2024
"United States",6.725,1.939,1.392,0.542,0.586,0.223,0.169,"North America and ANZ",2024
"Germany",6.719,1.871,1.39,0.702,0.7,0.174,0.368,"Western Europe",2024
"Mexico",6.678,1.521,1.241,0.544,0.722,0.086,0.127,"Latin America and Caribbean",2024
"Uruguay",6.611,1.596,1.431,0.592,0.775,0.106,0.22,"Latin America and Caribbean",2024
"France",6.609,1.818,1.348,0.727,0.65,0.112,0.281,"Western Europe",2024
"Saudi Arabia",6.594,1.842,1.361,0.511,0.787,0.114,0.188,"Middle East and North Africa",2024
"Kosovo",6.561,1.364,1.277,0.599,0.739,0.254,0.073,"Central and Eastern Europe",2024
"Singapore",6.523,2.118,1.361,0.769,0.743,0.168,0.575,"Southeast Asia",2024
"Taiwan Province of China",6.503,1.842,1.346,0.65,0.649,0.068,0.202,"East Asia",2024
"Romania",6.491,1.699,1.236,0.583,0.717,0.041,0.006,"Central and Eastern Europe",2024
"El Salvador",6.469,1.265,1.08,0.549,0.816,0.083,0.253,"Latin America and Caribbean",2024
"Estonia",6.448,1.752,1.527,0.657,0.805,0.166,0.401,"Central and Eastern Europe",2024
"Poland",6.442,1.738,1.417,0.639,0.6,0.081,0.175,"Central and Eastern Europe",2024
"Spain",6.421,1.766,1.471,0.729,0.619,0.119,0.177,"Western Europe",2024
"Serbia",6.411,1.538,1.391,0.585,0.663,0.2,0.101,"Central and Eastern Europe",2024
"Chile",6.36,1.616,1.369,0.673,0.651,0.117,0.075,"Latin America and Caribbean",2024
"Panama",6.358,1.702,1.392,0.633,0.72,0.063,0.043,"Latin America and Caribbean",2024
"Malta",6.346,1.827,1.444,0.707,0.727,0.25,0.125,"Western Europe",2024
"Italy",6.324,1.8,1.328,0.72,0.513,0.112,0.074,"Western Europe",2024
"Guatemala",6.287,1.26,1.169,0.467,0.735,0.105,0.078,"Latin America and Caribbean",2024
"Nicaragua",6.284,1.097,1.263,0.542,0.793,0.133,0.251,"Latin America and Caribbean",2024
"Brazil",6.272,1.43,1.269,0.548,0.685,0.13,0.142,"Latin America and Caribbean",2024
"Slovakia",6.257,1.706,1.54,0.638,0.566,0.096,0.058,"Central and Eastern Europe",2024
"Latvia",6.234,1.7,1.508,0.564,0.666,0.127,0.078,"Central and Eastern Europe",2024
"Uzbekistan",6.195,1.212,1.394,0.539,0.835,0.251,0.215,"Commonwealth of Independent States",2024
"Argentina",6.188,1.562,1.381,0.585,0.681,0.087,0.08,"Latin America and Caribbean",2024
"Kazakhstan",6.188,1.622,1.457,0.556,0.733,0.149,0.12,"Commonwealth of Independent States",2024
"Cyprus",6.068,1.794,1.217,0.744,0.529,0.124,0.049,"Western Europe",2024
"Japan",6.06,1.786,1.354,0.785,0.632,0.023,0.219,"East Asia",2024
"South Korea",6.058,1.815,1.178,0.77,0.555,0.126,0.158,"East Asia",2024
"Philippines",6.048,1.232,1.146,0.441,0.826,0.099,0.136,"Southeast Asia",2024
"Vietnam",6.043,1.331,1.267,0.539,0.843,0.094,0.16,"Southeast Asia",2024
"Portugal",6.03,1.728,1.368,0.699,0.757,0.047,0.035,"Western Europe",2024
"Hungary",6.017,1.722,1.528,0.596,0.581,0.123,0.067,"Central and Eastern Europe",2024
"Paraguay",5.977,1.398,1.408,0.549,0.788,0.131,0.065,"Latin America and Caribbean",2024
"Thailand",5.976,1.484,1.347,0.62,0.756,0.283,0.024,"Southeast Asia",2024
"Malaysia",5.975,1.646,1.143,0.54,0.829,0.226,0.119,"Southeast Asia",2024
"China",5.973,1.497,1.239,0.629,0.704,0.132,0.164,"East Asia",2024
"Honduras",5.968,1.091,1.035,0.502,0.72,0.175,0.081,"Latin America and Caribbean",2024
"Croatia",5.942,1.71,1.445,0.637,0.469,0.064,0.043,"Central and Eastern Europe",2024
"Greece",5.934,1.684,1.276,0.696,0.337,0.018,0.093,"Western Europe",2024
"Bosnia and Herzegovina",5.877,1.465,1.318,0.587,0.621,0.246,0,"Central and Eastern Europe",2024
"Jamaica",5.842,1.28,1.324,0.567,0.647,0.089,0.028,"Latin America and Caribbean",2024
"Peru",5.841,1.371,1.18,0.662,0.615,0.078,0.029,"Latin America and Caribbean",2024
"Dominican Republic",5.823,1.517,1.272,0.511,0.73,0.086,0.196,"Latin America and Caribbean",2024
"Mauritius",5.816,1.57,1.358,0.49,0.641,0.123,0.118,"Sub-Saharan Africa",2024
"Moldova",5.816,1.385,1.277,0.542,0.695,0.077,0.044,"Central and Eastern Europe",2024
"Russia",5.785,1.642,1.351,0.531,0.551,0.138,0.121,"Central and Eastern Europe",2024
"Bolivia",5.784,1.217,1.179,0.488,0.719,0.1,0.061,"Latin America and Caribbean",2024
"Ecuador",5.725,1.315,1.151,0.64,0.606,0.087,0.078,"Latin America and Caribbean",2024
"Kyrgyzstan",5.714,1.054,1.477,0.588,0.834,0.225,0.03,"Commonwealth of Independent States",2024
"Montenegro",5.707,1.571,1.318,0.587,0.632,0.11,0.132,"Central and Eastern Europe",2024
"Mongolia",5.696,1.353,1.511,0.4,0.501,0.237,0.055,"East Asia",2024
"Colombia",5.695,1.437,1.241,0.648,0.644,0.072,0.059,"Latin America and Caribbean",2024
"Venezuela",5.607,0,1.321,0.491,0.518,0.192,0.086,"Latin America and Caribbean",2024
"Indonesia",5.568,1.361,1.184,0.472,0.779,0.399,0.055,"Southeast Asia",2024
"Bulgaria",5.463,1.629,1.469,0.567,0.62,0.083,0.006,"Central and Eastern Europe",2024
"Armenia",5.455,1.444,1.154,0.603,0.65,0.051,0.173,"Central and Eastern Europe",2024
"South Africa",5.422,1.389,1.369,0.322,0.537,0.078,0.034,"Sub-Saharan Africa",2024
"North Macedonia",5.369,1.475,1.277,0.569,0.58,0.194,0.015,"Central and Eastern Europe",2024
"Algeria",5.364,1.324,1.191,0.568,0.247,0.091,0.2,"Middle East and North Africa",2024
"Hong Kong S.A.R. of China",5.316,1.909,1.184,0.857,0.485,0.147,0.402,"East Asia",2024
"Albania",5.304,1.438,0.924,0.638,0.69,0.138,0.049,"Central and Eastern Europe",2024
"Mozambique",5.216,0.56,0.883,0.156,0.728,0.158,0.196,"Sub-Saharan Africa",2024
"Georgia",5.185,1.467,0.99,0.524,0.68,0,0.174,"Central and Eastern Europe",2024
"Iraq",5.166,1.249,0.996,0.498,0.425,0.141,0.048,"Middle East and North Africa",2024
"Nepal",5.158,0.965,0.99,0.443,0.653,0.209,0.115,"South Asia",2024
"Laos",5.139,1.208,0.846,0.423,0.796,0.17,0.167,"Southeast Asia",2024
"Gabon",5.106,1.403,1.038,0.344,0.516,0.045,0.1,"Sub-Saharan Africa",2024
"Ivory Coast",5.08,1.08,0.578,0.288,0.547,0.12,0.164,"Sub-Saharan Africa",2024
"Guinea",5.023,0.831,0.622,0.236,0.521,0.21,0.107,"Sub-Saharan Africa",2024
"Senegal",4.969,0.927,0.751,0.392,0.607,0.152,0.069,"Sub-Saharan Africa",2024
"Iran",4.923,1.435,1.136,0.571,0.366,0.235,0.123,"Middle East and North Africa",2024
"Nigeria",4.881,1.042,1.075,0.256,0.566,0.201,0.019,"Sub-Saharan Africa",2024
"Cameroon",4.874,0.943,0.856,0.288,0.521,0.126,0.06,"Sub-Saharan Africa",2024
"Ukraine",4.873,1.35,1.315,0.513,0.631,0.285,0.025,"Central and Eastern Europe",2024
"Namibia",4.832,1.266,1.212,0.307,0.47,0.069,0.061,"Sub-Saharan Africa",2024
"Morocco",4.795,1.213,0.471,0.495,0.631,0.042,0.082,"Middle East and North Africa",2024
"Pakistan",4.657,1.069,0.6,0.321,0.542,0.144,0.074,"South Asia",2024
"Niger",4.556,0.573,0.677,0.293,0.615,0.145,0.147,"Sub-Saharan Africa",2024
"Burkina Faso",4.548,0.756,0.685,0.274,0.483,0.173,0.179,"Sub-Saharan Africa",2024
"Mauritania",4.505,1.078,0.705,0.4,0.343,0.133,0.198,"Sub-Saharan Africa",2024
"Gambia",4.485,0.75,0.684,0.33,0.459,0.324,0.048,"Sub-Saharan Africa",2024
"Chad",4.471,0.603,0.805,0.199,0.411,0.218,0.113,"Sub-Saharan Africa",2024
"Kenya",4.47,1.037,0.895,0.353,0.519,0.282,0.069,"Sub-Saharan Africa",2024
"Tunisia",4.422,1.306,0.955,0.579,0.254,0.024,0.018,"Middle East and North Africa",2024
"Benin",4.377,0.914,0.128,0.284,0.567,0.112,0.252,"Sub-Saharan Africa",2024
"Uganda",4.372,0.772,1.151,0.373,0.587,0.178,0.054,"Sub-Saharan Africa",2024
"Myanmar",4.354,0.978,0.988,0.436,0.45,0.401,0.174,"Southeast Asia",2024
"Cambodia",4.341,1.011,1.019,0.442,0.863,0.17,0.071,"Southeast Asia",2024
"Ghana",4.289,1.077,0.747,0.36,0.623,0.183,0.028,"Sub-Saharan Africa",2024
"Liberia",4.269,0.619,0.673,0.301,0.546,0.178,0.075,"Sub-Saharan Africa",2024
"Mali",4.232,0.747,0.688,0.267,0.586,0.12,0.09,"Sub-Saharan Africa",2024
"Madagascar",4.228,0.628,0.823,0.333,0.25,0.172,0.123,"Sub-Saharan Africa",2024
"Togo",4.214,0.758,0.586,0.32,0.453,0.127,0.156,"Sub-Saharan Africa",2024
"Jordan",4.186,1.262,0.983,0.594,0.593,0.059,0.189,"Middle East and North Africa",2024
"India",4.054,1.166,0.653,0.417,0.767,0.174,0.122,"South Asia",2024
"Egypt",3.977,1.37,0.996,0.488,0.49,0.025,0.259,"Middle East and North Africa",2024
"Sri Lanka",3.898,1.361,1.179,0.586,0.583,0.144,0.031,"South Asia",2024
"Bangladesh",3.886,1.122,0.249,0.513,0.775,0.14,0.167,"South Asia",2024
"Ethiopia",3.861,0.792,0.915,0.42,0.441,0.27,0.101,"Sub-Saharan Africa",2024
"Tanzania",3.781,0.82,0.706,0.38,0.709,0.191,0.257,"Sub-Saharan Africa",2024
"Comoros",3.566,0.896,0.328,0.37,0.172,0.128,0.16,"Sub-Saharan Africa",2024
"Zambia",3.502,0.899,0.809,0.264,0.727,0.168,0.109,"Sub-Saharan Africa",2024
"Malawi",3.421,0.617,0.41,0.349,0.571,0.135,0.136,"Sub-Saharan Africa",2024
"Botswana",3.383,1.445,0.969,0.241,0.567,0.014,0.082,"Sub-Saharan Africa",2024
"Zimbabwe",3.341,0.748,0.85,0.232,0.487,0.096,0.131,"Sub-Saharan Africa",2024
"Sierra Leone",3.245,0.654,0.566,0.253,0.469,0.181,0.053,"Sub-Saharan Africa",2024
"Lebanon",2.707,1.377,0.577,0.556,0.173,0.068,0.029,"Middle East and North Africa",2024
"Afghanistan",1.721,0.628,0,0.242,0,0.091,0.088,"South Asia",2024
